backend,exe time
python_pure,8.655631023904551e-06
python_pure,0.0008085292318592901
python_pure,0.09251391369363536
python_pure,10.777128914128179
numpy_systolic,0.00013388758120329484
numpy_systolic,0.001516010450280231
numpy_systolic,0.027939941572106403
numpy_systolic,1.4275451224783193
numpy_systolic,0.000132726586383322
numpy_systolic,0.0015855664792268174
numpy_systolic,0.02986313985741657
numpy_systolic,1.472928472187208
