backend,exe time
python_pure,1.0013580322265625e-05
python_pure,0.0007844092894573601
python_pure,0.09335557538635876
python_pure,0.4113601373166454
